{"cameraMode":{"drawMode":0,"name":"Shaded","section":"Shading Mode"},"sceneLighting":true,"audioPlay":false,"sceneViewState":{"m_AlwaysRefresh":false,"showFog":true,"showSkybox":true,"showFlares":true,"showImageEffects":true,"showParticleSystems":true,"showVisualEffectGraphs":true,"m_FxEnabled":true},"in2DMode":false,"pivot":{"x":-14.814806938171387,"y":-1.6945455074310303,"z":-2.0678091049194338},"rotation":{"x":0.17378298938274384,"y":0.20945978164672852,"z":-0.037856992334127429,"w":0.9615083932876587},"size":23.01117515563965,"orthographic":false}